country_name,dish_name,description,image_url,created_at,updated_at
Austria,Tafelspitz,\N,https://www.chefspencil.com/wp-content/uploads/Tafelspitz.png,2025-05-15 12:26:28.165941+00,2025-05-15 13:29:51.193606+00
Albania,Tavë Kosi,\N,https://www.chefspencil.com/wp-content/uploads/Tave-Kosi.png,2025-05-15 12:26:28.166397+00,2025-05-15 13:29:51.192993+00
Belgium,Moules Frites,\N,https://www.chefspencil.com/wp-content/uploads/Moules-Frites.jpg,2025-05-15 12:26:28.167079+00,2025-05-15 13:29:51.194415+00
Bulgaria,Shopska Salata,\N,https://www.chefspencil.com/wp-content/uploads/Shopska-Salata.jpg,2025-05-15 12:26:28.169514+00,2025-05-15 13:29:51.196803+00
Belarus,Draniki,\N,https://www.chefspencil.com/wp-content/uploads/Draniki.png,2025-05-15 12:26:28.16724+00,2025-05-15 13:29:51.19303+00
Demark,Stegt flæsk,\N,https://www.chefspencil.com/wp-content/uploads/Stegt-flaesk-med-persillesovs-1.jpg,2025-05-15 12:26:28.173494+00,2025-05-15 13:29:51.203208+00
Estonia,Mulgikapsad,\N,https://www.chefspencil.com/wp-content/uploads/Mulgikapsad.jpg,2025-05-15 12:26:28.173824+00,2025-05-15 13:29:51.203429+00
Finland,Rye Bread,\N,https://www.chefspencil.com/wp-content/uploads/Rye-Bread-2.jpg,2025-05-15 12:26:28.174035+00,2025-05-15 13:29:51.203913+00
Andorra,Escudella,\N,https://www.chefspencil.com/wp-content/uploads/Escudella-i-Carn-Dolla.jpg,2025-05-15 12:26:28.166844+00,2025-05-15 13:29:51.193969+00
Bosnia and Herzegovina,Cevapi,\N,https://www.chefspencil.com/wp-content/uploads/Cevapi.png,2025-05-15 12:26:28.168362+00,2025-05-15 13:29:51.196768+00
France,Steak-Frites,\N,https://www.chefspencil.com/wp-content/uploads/Steak-Frites.jpg,2025-05-15 12:26:28.174447+00,2025-05-15 13:29:51.204886+00
Holy See,Papalina,\N,https://www.chefspencil.com/wp-content/uploads/Papalina.jpg,2025-05-15 12:26:28.175215+00,2025-05-15 13:29:51.205024+00
Germany,Sausages and Sauerkraut,\N,https://www.chefspencil.com/wp-content/uploads/Sausages-and-Sauerkraut-960x952.jpg,2025-05-15 12:26:28.174601+00,2025-05-15 13:29:51.204909+00
Greece,Moussaka,\N,https://www.chefspencil.com/wp-content/uploads/Moussaka-960x960.jpg,2025-05-15 12:26:28.174964+00,2025-05-15 13:29:51.20494+00
Hungary,Goulash,\N,https://www.chefspencil.com/wp-content/uploads/Goulash.jpg,2025-05-15 12:26:28.175492+00,2025-05-15 13:29:51.206544+00
Iceland,Hákarl,\N,https://www.chefspencil.com/wp-content/uploads/Hakarl.jpg,2025-05-15 12:26:28.175653+00,2025-05-15 13:29:51.206788+00
Ireland,Irish Stew,\N,https://www.chefspencil.com/wp-content/uploads/Irish-Stew.jpg,2025-05-15 12:26:28.175661+00,2025-05-15 13:29:51.207062+00
Croatia,Zagorski Štrukli,\N,https://www.chefspencil.com/wp-content/uploads/Zagorski-Strukli-960x960.jpg,2025-05-15 12:26:28.170367+00,2025-05-15 13:29:51.204136+00
Italy,Spaghetti alla Bolognese,\N,https://www.chefspencil.com/wp-content/uploads/Spaghetti-alla-Bolognese.jpg,2025-05-15 12:26:28.175738+00,2025-05-15 13:29:51.20727+00
Latvia,Pelēkie zirņi ar speķi,\N,https://www.chefspencil.com/wp-content/uploads/Pelekie-zirni-ar-speki.jpg,2025-05-15 12:26:28.175619+00,2025-05-15 13:29:51.207348+00
Lichenstein,Käsknöpfle,\N,https://www.chefspencil.com/wp-content/uploads/Kasknopfle.jpg,2025-05-15 12:26:28.175859+00,2025-05-15 13:29:51.207473+00
Lithuania,Cepelinai,\N,https://www.chefspencil.com/wp-content/uploads/Cepelinai.jpg,2025-05-15 12:26:28.175863+00,2025-05-15 13:29:51.207637+00
Luxembourg,Gaardebounen,\N,https://www.chefspencil.com/wp-content/uploads/Gaardebounen.jpg,2025-05-15 12:26:28.17597+00,2025-05-15 13:29:51.207677+00
Malta,Stuffat Tal-Fenek,\N,https://www.chefspencil.com/wp-content/uploads/Stuffat-Tal-Fenek-.jpg,2025-05-15 12:26:28.176006+00,2025-05-15 13:29:51.207782+00
Moldova,Mamaliga,\N,https://www.chefspencil.com/wp-content/uploads/Mamaliga.jpg,2025-05-15 12:26:28.17606+00,2025-05-15 13:29:51.208014+00
Monaco,Barbagiuan,\N,https://www.chefspencil.com/wp-content/uploads/Barbagiuan.jpg,2025-05-15 12:26:28.176118+00,2025-05-15 13:29:51.208149+00
Norway,Fårikål,\N,https://www.chefspencil.com/wp-content/uploads/Farikal-1.jpg,2025-05-15 12:26:28.176537+00,2025-05-15 13:29:51.208404+00
Montenegro,Njeguška Pršuta,\N,https://www.chefspencil.com/wp-content/uploads/Njeguska-Prsuta.jpg,2025-05-15 12:26:28.176457+00,2025-05-15 13:29:51.208547+00
Netherlands,Stamppot,\N,https://www.chefspencil.com/wp-content/uploads/Stamppot.png,2025-05-15 12:26:28.176467+00,2025-05-15 13:29:51.208889+00
North Macedonia,Tavche Gravche,\N,https://www.chefspencil.com/wp-content/uploads/Tavche-Gravche.jpg,2025-05-15 12:26:28.176273+00,2025-05-15 13:29:51.208933+00
Portugal,Bacalhau,\N,https://www.chefspencil.com/wp-content/uploads/Bacalhau.jpg,2025-05-15 12:26:28.176577+00,2025-05-15 13:29:51.209105+00
Czechia,Vepřo Knedlo Zelo,\N,https://www.chefspencil.com/wp-content/uploads/Vepro-Knedlo-Zelo-2.jpg,2025-05-15 12:26:28.176412+00,2025-05-15 13:29:51.205282+00
Romania,Sarmale,\N,https://www.chefspencil.com/wp-content/uploads/Vegetarian-Mushroom-stuffed-Cabbage-Rolls-2.jpg,2025-05-15 12:26:28.176625+00,2025-05-15 13:29:51.209193+00
Russia,Pelmeni,\N,https://www.chefspencil.com/wp-content/uploads/Pelmeni-2.jpg,2025-05-15 12:26:28.176705+00,2025-05-15 13:29:51.209217+00
San Marino,Torta Tre Monti,\N,https://www.chefspencil.com/wp-content/uploads/Torta-Tre-Monti-1.jpg,2025-05-15 12:26:28.176992+00,2025-05-15 13:29:51.209269+00
Sweden,Meatballs with Mashed Potatoes,\N,https://www.chefspencil.com/wp-content/uploads/b-960x640.jpg,2025-05-15 12:26:28.177221+00,2025-05-15 13:29:51.210287+00
United Kingdom,Chicken Tikka Masala,\N,https://www.chefspencil.com/wp-content/uploads/Chicken-Tikka-Masala-1.jpg,2025-05-15 12:26:28.177319+00,2025-05-15 13:29:51.21099+00
Slovenia,Belokranjska Povitica,\N,https://www.chefspencil.com/wp-content/uploads/Belokranjska-Povitica.jpg,2025-05-15 12:26:28.177146+00,2025-05-15 13:29:51.210019+00
Ukraine,Borscht,\N,https://www.chefspencil.com/wp-content/uploads/Borscht-1.jpg,2025-05-15 12:26:28.17725+00,2025-05-15 13:29:51.210383+00
Slovakia,Bryndzové Halušky,\N,https://www.chefspencil.com/wp-content/uploads/Bryndzove-Halusky.jpg,2025-05-15 12:26:28.177109+00,2025-05-15 13:29:51.21003+00
Spain,Paella,\N,https://www.chefspencil.com/wp-content/uploads/Paella.png,2025-05-15 12:26:28.177125+00,2025-05-15 13:29:51.210217+00
Serbia,Pljeskavica,\N,https://www.chefspencil.com/wp-content/uploads/Pljeskavica.jpg,2025-05-15 12:26:28.177031+00,2025-05-15 13:29:51.209389+00
Switzerland,Fondue,\N,https://www.chefspencil.com/wp-content/uploads/Swiss-Fondue-1.jpg,2025-05-15 12:26:28.177239+00,2025-05-15 13:29:51.210284+00
Cyprus,Souvla,\N,https://www.chefspencil.com/wp-content/uploads/Souvla-960x960.jpeg,2025-05-15 12:26:28.176076+00,2025-05-15 13:29:51.209269+00
Poland,Bigos (Hunter’s Stew),\N,https://www.chefspencil.com/wp-content/uploads/Bigos.png,2025-05-15 12:26:28.176557+00,2025-05-15 13:29:51.209092+00